
SET DEFINE OFF

INSERT INTO PR_WOJEWODZTWA (KOD_WOJEWODZTWA, NAZWA_WOJEWODZTWA) 
VALUES (2.0, 'dolnoœl¹skie');

INSERT INTO PR_WOJEWODZTWA (KOD_WOJEWODZTWA, NAZWA_WOJEWODZTWA) 
VALUES (4.0, 'kujawsko-pomorskie');

INSERT INTO PR_WOJEWODZTWA (KOD_WOJEWODZTWA, NAZWA_WOJEWODZTWA) 
VALUES (6.0, 'lubelskie');

INSERT INTO PR_WOJEWODZTWA (KOD_WOJEWODZTWA, NAZWA_WOJEWODZTWA) 
VALUES (8.0, 'lubuskie');

INSERT INTO PR_WOJEWODZTWA (KOD_WOJEWODZTWA, NAZWA_WOJEWODZTWA) 
VALUES (10.0, '³ódzkie');

INSERT INTO PR_WOJEWODZTWA (KOD_WOJEWODZTWA, NAZWA_WOJEWODZTWA) 
VALUES (12.0, 'ma³opolskie');

INSERT INTO PR_WOJEWODZTWA (KOD_WOJEWODZTWA, NAZWA_WOJEWODZTWA) 
VALUES (14.0, 'mazowieckie');

INSERT INTO PR_WOJEWODZTWA (KOD_WOJEWODZTWA, NAZWA_WOJEWODZTWA) 
VALUES (16.0, 'opolskie');

INSERT INTO PR_WOJEWODZTWA (KOD_WOJEWODZTWA, NAZWA_WOJEWODZTWA) 
VALUES (18.0, 'podkarpackie');

INSERT INTO PR_WOJEWODZTWA (KOD_WOJEWODZTWA, NAZWA_WOJEWODZTWA) 
VALUES (20.0, 'podlaskie');

INSERT INTO PR_WOJEWODZTWA (KOD_WOJEWODZTWA, NAZWA_WOJEWODZTWA) 
VALUES (22.0, 'pomorskie');

INSERT INTO PR_WOJEWODZTWA (KOD_WOJEWODZTWA, NAZWA_WOJEWODZTWA) 
VALUES (24.0, 'œl¹skie');

INSERT INTO PR_WOJEWODZTWA (KOD_WOJEWODZTWA, NAZWA_WOJEWODZTWA) 
VALUES (26.0, 'œwiêtokrzyskie');

INSERT INTO PR_WOJEWODZTWA (KOD_WOJEWODZTWA, NAZWA_WOJEWODZTWA) 
VALUES (28.0, 'warmiñsko-mazurskie');

INSERT INTO PR_WOJEWODZTWA (KOD_WOJEWODZTWA, NAZWA_WOJEWODZTWA) 
VALUES (30.0, 'wielkopolskie');

INSERT INTO PR_WOJEWODZTWA (KOD_WOJEWODZTWA, NAZWA_WOJEWODZTWA) 
VALUES (32.0, 'zachodniopomorskie');

-- Import Data into table PR_WOJEWODZTWA from file D:\WAT\BazyDanych\Jakub_Z\Lista-województw-Excel.xlsx . Task successful and sent to worksheet.


SET DEFINE OFF

INSERT INTO PR_KLIENT (NR_KLIENTA, IMIE, NAZWISKO, "e-mail", TELEFON, ULICA, MIASTO, KOD_POCZTOWY, KOD_WOJEWODZTWA) 
VALUES (NULL, 'Janusz ', 'Kowalski', 'janusz.kowalski@wat.edu.pl', 5.05123963E8, 'Kocjana', 'Warszawa', '00-134', 14.0);

INSERT INTO PR_KLIENT (NR_KLIENTA, IMIE, NAZWISKO, "e-mail", TELEFON, ULICA, MIASTO, KOD_POCZTOWY, KOD_WOJEWODZTWA) 
VALUES (NULL, 'Krzysztof', 'Kapusta', 'krzysztof.kapusta@wat.edu.pl', NULL, 'Radiowa', 'Wroc³aw', '19-120', 2.0);

INSERT INTO PR_KLIENT (NR_KLIENTA, IMIE, NAZWISKO, "e-mail", TELEFON, ULICA, MIASTO, KOD_POCZTOWY, KOD_WOJEWODZTWA) 
VALUES (NULL, 'Magdalena', 'Dzwonkowska', 'magdalena.dzwonkowska@wat.edu.pl', 2.12145556E8, 'Górczewska', 'Legionowo', '13-002', 14.0);

INSERT INTO PR_KLIENT (NR_KLIENTA, IMIE, NAZWISKO, "e-mail", TELEFON, ULICA, MIASTO, KOD_POCZTOWY, KOD_WOJEWODZTWA) 
VALUES (NULL, 'Karol', 'Krawczyk', 'karol.krawczyk@wat.edu.pl', NULL, 'Bakalarska', 'Lublin', '20-850', 6.0);

INSERT INTO PR_KLIENT (NR_KLIENTA, IMIE, NAZWISKO, "e-mail", TELEFON, ULICA, MIASTO, KOD_POCZTOWY, KOD_WOJEWODZTWA) 
VALUES (NULL, 'Joanna', 'Bak', 'joanna.bak@wat.edu.pl', NULL, '£amana', 'Czêstochowa', '09-420', 24.0);

INSERT INTO PR_KLIENT (NR_KLIENTA, IMIE, NAZWISKO, "e-mail", TELEFON, ULICA, MIASTO, KOD_POCZTOWY, KOD_WOJEWODZTWA) 
VALUES (NULL, 'Robert', 'Psikuta', 'robert.psikuta@wat.edu.pl', 4.75369852E8, 'Pirenejska', 'Gdañsk', '17-242', 22.0);

INSERT INTO PR_KLIENT (NR_KLIENTA, IMIE, NAZWISKO, "e-mail", TELEFON, ULICA, MIASTO, KOD_POCZTOWY, KOD_WOJEWODZTWA) 
VALUES (NULL, 'Stefan', 'Siarzewski', 'stefan.siarzewski@wat.edu.pl', NULL, 'Zbożowa', 'Warszawa', '01-128', 14.0);

INSERT INTO PR_KLIENT (NR_KLIENTA, IMIE, NAZWISKO, "e-mail", TELEFON, ULICA, MIASTO, KOD_POCZTOWY, KOD_WOJEWODZTWA) 
VALUES (NULL, 'Zofia', 'Brzydal', 'zofia.brzydal@wat.edu.pl', NULL, 'Araszkiewicza', 'Jastarnia', '17-291', 22.0);

INSERT INTO PR_KLIENT (NR_KLIENTA, IMIE, NAZWISKO, "e-mail", TELEFON, ULICA, MIASTO, KOD_POCZTOWY, KOD_WOJEWODZTWA) 
VALUES (NULL, 'Julia', 'Niedziela', 'julia.niedziela@wat.edu.pl', 8.01462852E8, 'Apeniñska', 'Kraków', '30-409', 12.0);

INSERT INTO PR_KLIENT (NR_KLIENTA, IMIE, NAZWISKO, "e-mail", TELEFON, ULICA, MIASTO, KOD_POCZTOWY, KOD_WOJEWODZTWA) 
VALUES (NULL, 'Bartosz', 'Karmel', 'bartosz.karmel@wat.edu.pl', 4.98356278E8, 'Obozowa', 'Lublin', '20-134', 6.0);

INSERT INTO PR_KLIENT (NR_KLIENTA, IMIE, NAZWISKO, "e-mail", TELEFON, ULICA, MIASTO, KOD_POCZTOWY, KOD_WOJEWODZTWA) 
VALUES (NULL, 'Sebastian', 'Krawczyk', 'sebastian.krawczyk@wat.edu.pl', NULL, 'Gajowa', 'Zakopane', '09-112', 12.0);

INSERT INTO PR_KLIENT (NR_KLIENTA, IMIE, NAZWISKO, "e-mail", TELEFON, ULICA, MIASTO, KOD_POCZTOWY, KOD_WOJEWODZTWA) 
VALUES (NULL, 'Andrzej', 'Duda', 'andrzej.duda@wat.edu.pl', 9.97986123E8, 'Nowogrodzka', 'Warszawa', '00-367', 14.0);

-- Import Data into table PR_KLIENT from file D:\WAT\BazyDanych\Jakub_Z\Lista-województw-Excel.xlsx . Task successful and sent to worksheet.



SET DEFINE OFF

INSERT INTO PR_TYP_LEKU (pr_typ_leku, NAZWA_PELNA, RABAT) 
VALUES ('KOS', 'kosmetyki', NULL);

INSERT INTO PR_TYP_LEKU (pr_typ_leku, NAZWA_PELNA, RABAT) 
VALUES ('BOL', 'przeciwbólowe', NULL);

INSERT INTO PR_TYP_LEKU (pr_typ_leku, NAZWA_PELNA, RABAT) 
VALUES ('ALER', 'alergia', NULL);

INSERT INTO PR_TYP_LEKU (pr_typ_leku, NAZWA_PELNA, RABAT) 
VALUES ('TRAW', 'trawienie', NULL);

INSERT INTO PR_TYP_LEKU (pr_typ_leku, NAZWA_PELNA, RABAT) 
VALUES ('STRES', 'uspokajaj¹ce/na stres', NULL);

INSERT INTO PR_TYP_LEKU (pr_typ_leku, NAZWA_PELNA, RABAT) 
VALUES ('SEN', 'nasenne', NULL);

INSERT INTO PR_TYP_LEKU (pr_typ_leku, NAZWA_PELNA, RABAT) 
VALUES ('WIT', 'witaminy/suplementy', NULL);

INSERT INTO PR_TYP_LEKU (pr_typ_leku, NAZWA_PELNA, RABAT) 
VALUES ('CUK', 'cukrzycowe', NULL);

INSERT INTO PR_TYP_LEKU (pr_typ_leku, NAZWA_PELNA, RABAT) 
VALUES ('KARD', 'kardiologiczne', NULL);

SET DEFINE OFF

INSERT INTO PR_LEK (KOD_LEKU, pr_typ_leku, NAZWA_LEKU, CENA_ZAKUPU, CENA_SPRZEDAZY, STAWKA_PODATKU, RECEPTA, ILOSC) 
VALUES (NULL, 'BOL', 'apap', 4.6, 6.2, 23.0, 'NIE', 124.0);

INSERT INTO PR_LEK (KOD_LEKU, pr_typ_leku, NAZWA_LEKU, CENA_ZAKUPU, CENA_SPRZEDAZY, STAWKA_PODATKU, RECEPTA, ILOSC) 
VALUES (NULL, 'BOL', 'ketonal', 38.2, 44.8, 7.0, 'TAK', 38.0);

INSERT INTO PR_LEK (KOD_LEKU, pr_typ_leku, NAZWA_LEKU, CENA_ZAKUPU, CENA_SPRZEDAZY, STAWKA_PODATKU, RECEPTA, ILOSC) 
VALUES (NULL, 'BOL', 'ibuprom', 5.0, 8.2, 7.0, 'NIE', 350.0);

INSERT INTO PR_LEK (KOD_LEKU, pr_typ_leku, NAZWA_LEKU, CENA_ZAKUPU, CENA_SPRZEDAZY, STAWKA_PODATKU, RECEPTA, ILOSC) 
VALUES (NULL, 'BOL', 'naproxen', 19.99, 27.1, 7.0, 'TAK', 80.0);

INSERT INTO PR_LEK (KOD_LEKU, pr_typ_leku, NAZWA_LEKU, CENA_ZAKUPU, CENA_SPRZEDAZY, STAWKA_PODATKU, RECEPTA, ILOSC) 
VALUES (NULL, 'ALER', 'alertec', 9.6, 12.5, 7.0, 'TAK', 100.0);

INSERT INTO PR_LEK (KOD_LEKU, pr_typ_leku, NAZWA_LEKU, CENA_ZAKUPU, CENA_SPRZEDAZY, STAWKA_PODATKU, RECEPTA, ILOSC) 
VALUES (NULL, 'ALER', 'zyrtec', 18.2, 21.3, 7.0, 'TAK', 220.0);

INSERT INTO PR_LEK (KOD_LEKU, pr_typ_leku, NAZWA_LEKU, CENA_ZAKUPU, CENA_SPRZEDAZY, STAWKA_PODATKU, RECEPTA, ILOSC) 
VALUES (NULL, 'TRAW', 'helicid', 14.0, 19.2, 7.0, 'TAK', 114.0);

INSERT INTO PR_LEK (KOD_LEKU, pr_typ_leku, NAZWA_LEKU, CENA_ZAKUPU, CENA_SPRZEDAZY, STAWKA_PODATKU, RECEPTA, ILOSC) 
VALUES (NULL, 'TRAW', 'essentiale forte', 24.0, 28.1, 23.0, 'NIE', 84.0);

INSERT INTO PR_LEK (KOD_LEKU, pr_typ_leku, NAZWA_LEKU, CENA_ZAKUPU, CENA_SPRZEDAZY, STAWKA_PODATKU, RECEPTA, ILOSC) 
VALUES (NULL, 'TRAW', 'espumisan forte', 12.9, 14.99, 23.0, 'NIE', 45.0);

INSERT INTO PR_LEK (KOD_LEKU, pr_typ_leku, NAZWA_LEKU, CENA_ZAKUPU, CENA_SPRZEDAZY, STAWKA_PODATKU, RECEPTA, ILOSC) 
VALUES (NULL, 'TRAW', 'tribux forte', 20.0, 23.7, 7.0, 'TAK', 19.0);

INSERT INTO PR_LEK (KOD_LEKU, pr_typ_leku, NAZWA_LEKU, CENA_ZAKUPU, CENA_SPRZEDAZY, STAWKA_PODATKU, RECEPTA, ILOSC) 
VALUES (NULL, 'KOS', 'szampon DX2', 29.99, 35.2, 23.0, 'NIE', 30.0);

INSERT INTO PR_LEK (KOD_LEKU, pr_typ_leku, NAZWA_LEKU, CENA_ZAKUPU, CENA_SPRZEDAZY, STAWKA_PODATKU, RECEPTA, ILOSC) 
VALUES (NULL, 'KOS', 'pasta BLANX', 26.99, 30.0, 23.0, 'NIE', 34.0);

INSERT INTO PR_LEK (KOD_LEKU, pr_typ_leku, NAZWA_LEKU, CENA_ZAKUPU, CENA_SPRZEDAZY, STAWKA_PODATKU, RECEPTA, ILOSC) 
VALUES (NULL, 'STRES', 'positivum', 3.99, 6.4, 23.0, 'NIE', 75.0);

INSERT INTO PR_LEK (KOD_LEKU, pr_typ_leku, NAZWA_LEKU, CENA_ZAKUPU, CENA_SPRZEDAZY, STAWKA_PODATKU, RECEPTA, ILOSC) 
VALUES (NULL, 'SEN', 'nasen', 34.99, 40.0, 7.0, 'TAK', 20.0);

INSERT INTO PR_LEK (KOD_LEKU, pr_typ_leku, NAZWA_LEKU, CENA_ZAKUPU, CENA_SPRZEDAZY, STAWKA_PODATKU, RECEPTA, ILOSC) 
VALUES (NULL, 'STRES', 'meliski', 5.5, 7.99, 23.0, 'NIE', 120.0);

INSERT INTO PR_LEK (KOD_LEKU, pr_typ_leku, NAZWA_LEKU, CENA_ZAKUPU, CENA_SPRZEDAZY, STAWKA_PODATKU, RECEPTA, ILOSC) 
VALUES (NULL, 'STRES', 'nervosol', 4.2, 6.99, 23.0, 'NIE', 20.0);

INSERT INTO PR_LEK (KOD_LEKU, pr_typ_leku, NAZWA_LEKU, CENA_ZAKUPU, CENA_SPRZEDAZY, STAWKA_PODATKU, RECEPTA, ILOSC) 
VALUES (NULL, 'SEN', 'melatonina', 21.0, 24.99, 23.0, 'NIE', 90.0);

INSERT INTO PR_LEK (KOD_LEKU, pr_typ_leku, NAZWA_LEKU, CENA_ZAKUPU, CENA_SPRZEDAZY, STAWKA_PODATKU, RECEPTA, ILOSC) 
VALUES (NULL, 'SEN', 'valerin sen', 7.4, 10.0, 23.0, 'NIE', 15.0);

INSERT INTO PR_LEK (KOD_LEKU, pr_typ_leku, NAZWA_LEKU, CENA_ZAKUPU, CENA_SPRZEDAZY, STAWKA_PODATKU, RECEPTA, ILOSC) 
VALUES (NULL, 'WIT', 'centrum ON', 30.0, 34.1, 23.0, 'NIE', 100.0);

INSERT INTO PR_LEK (KOD_LEKU, pr_typ_leku, NAZWA_LEKU, CENA_ZAKUPU, CENA_SPRZEDAZY, STAWKA_PODATKU, RECEPTA, ILOSC) 
VALUES (NULL, 'WIT', 'bodymax', 19.2, 23.8, 23.0, 'NIE', 150.0);

INSERT INTO PR_LEK (KOD_LEKU, pr_typ_leku, NAZWA_LEKU, CENA_ZAKUPU, CENA_SPRZEDAZY, STAWKA_PODATKU, RECEPTA, ILOSC) 
VALUES (NULL, 'WIT', 'magne b6', 12.0, 14.5, 23.0, 'NIE', 190.0);

INSERT INTO PR_LEK (KOD_LEKU, pr_typ_leku, NAZWA_LEKU, CENA_ZAKUPU, CENA_SPRZEDAZY, STAWKA_PODATKU, RECEPTA, ILOSC) 
VALUES (NULL, 'WIT', 'marsjanki', 26.3, 29.0, 23.0, 'NIE', 55.0);

INSERT INTO PR_LEK (KOD_LEKU, pr_typ_leku, NAZWA_LEKU, CENA_ZAKUPU, CENA_SPRZEDAZY, STAWKA_PODATKU, RECEPTA, ILOSC) 
VALUES (NULL, 'CUK', 'glukoza', 12.0, 16.0, 7.0, 'NIE', 70.0);

INSERT INTO PR_LEK (KOD_LEKU, pr_typ_leku, NAZWA_LEKU, CENA_ZAKUPU, CENA_SPRZEDAZY, STAWKA_PODATKU, RECEPTA, ILOSC) 
VALUES (NULL, 'CUK', 'paski Accu-Check', 42.0, 49.99, 23.0, 'NIE', 39.0);

INSERT INTO PR_LEK (KOD_LEKU, pr_typ_leku, NAZWA_LEKU, CENA_ZAKUPU, CENA_SPRZEDAZY, STAWKA_PODATKU, RECEPTA, ILOSC) 
VALUES (NULL, 'KARD', 'acard', 8.2, 13.1, 7.0, 'NIE', 140.0);

INSERT INTO PR_LEK (KOD_LEKU, pr_typ_leku, NAZWA_LEKU, CENA_ZAKUPU, CENA_SPRZEDAZY, STAWKA_PODATKU, RECEPTA, ILOSC) 
VALUES (NULL, 'KARD', 'milocardin', 28.99, 37.0, 7.0, 'TAK', 80.0);

INSERT INTO PR_LEK (KOD_LEKU, pr_typ_leku, NAZWA_LEKU, CENA_ZAKUPU, CENA_SPRZEDAZY, STAWKA_PODATKU, RECEPTA, ILOSC) 
VALUES (NULL, 'KARD', 'ebivol', 31.0, 37.0, 7.0, 'TAK', 29.0);

-- Import Data into table PR_LEK from file D:\WAT\BazyDanych\Jakub_Z\Lista-województw-Excel.xlsx . Task successful and sent to worksheet.

/
begin
    pr_pr_generuj();
end;
/
